name,count
Noah,183258
Liam,173939
Jacob,163197
William,159893
Mason,157833
Ethan,149051
Michael,145106
Alexander,142102
James,139624
Elijah,137025
Benjamin,134442
Daniel,133865
Aiden,129599
Logan,126795
Jayden,126032
Matthew,125034
Lucas,118621
David,116661
Jackson,116202
Joseph,115642
Anthony,112084
Samuel,108068
Joshua,106192
Gabriel,105547
Andrew,105019
John,102731
Christopher,102084
Oliver,98127
Dylan,96334
Carter,95227
Isaac,94508
Luke,93247
Henry,92557
Owen,91085
Ryan,90968
Nathan,88004
Wyatt,87711
Caleb,86693
Sebastian,86653
Jack,85669
Christian,84147
Jonathan,79832
Julian,79502
Landon,79295
Levi,77942
Isaiah,76232
Hunter,74861
Aaron,70446
Thomas,69990
Charles,69988
Eli,69845
Jaxon,69147
Connor,68254
Nicholas,66768
Jeremiah,66733
Grayson,66379
Cameron,66175
Brayden,65985
Adrian,65958
Evan,64741
Jordan,64468
Josiah,63059
Angel,62927
Robert,62620
Gavin,62316
Tyler,59336
Austin,59099
Colton,58439
Jose,55165
Dominic,55154
Brandon,54102
Ian,52452
Lincoln,51997
Hudson,51452
Kevin,51301
Zachary,51127
Adam,50676
Mateo,50592
Jason,50571
Chase,50314
Nolan,50028
Ayden,49609
Cooper,49266
Parker,49220
Xavier,48686
Asher,48521
Carson,48011
Jace,47453
Easton,46785
Justin,45573
Leo,44693
Bentley,43910
Jaxson,42372
Nathaniel,41861
Blake,41712
Elias,40904
Theodore,40517
Kayden,40318
Luis,39061
Tristan,38667
Ezra,38624
Bryson,38623
Juan,37416
Brody,37245
Vincent,36823
Micah,36713
Miles,36586
Santiago,36441
Cole,36386
Ryder,36040
Carlos,35289
Damian,35266
Leonardo,35218
Roman,35086
Max,34128
Sawyer,34021
Jesus,33786
Diego,33375
Greyson,33196
Alex,32577
Maxwell,32438
Axel,31799
Eric,31534
Wesley,31154
Declan,31099
Giovanni,30398
Ezekiel,30356
Braxton,30309
Ashton,30204
Ivan,29904
Hayden,29888
Camden,29705
Silas,29608
Bryce,29027
Weston,28800
Harrison,28551
Jameson,28535
George,28395
Antonio,28328
Timothy,28213
Kaiden,28062
Jonah,28039
Everett,27397
Miguel,26936
Steven,26881
Richard,26733
Emmett,26156
Victor,26131
Kaleb,26021
Kai,25963
Maverick,25946
Joel,25803
Bryan,25682
Maddox,25667
Kingston,25620
Aidan,25428
Patrick,25305
Edward,25248
Emmanuel,25226
Jude,25127
Preston,25030
Alejandro,25026
Luca,24930
Bennett,24900
Jesse,24885
Jaden,24732
Colin,24715
Malachi,24553
Kaden,24419
Jayce,24305
Alan,24195
Marcus,24127
Kyle,24115
Brian,24091
Ryker,23866
Grant,23765
Abel,23534
Jeremy,23531
Riley,23136
Calvin,23075
Brantley,22456
Caden,22369
Oscar,22256
Abraham,22209
Brady,21724
Sean,21529
Jake,21409
Tucker,21251
Nicolas,21210
Mark,21104
Amir,20467
Avery,20425
King,20423
Gael,20343
Kenneth,20197
Bradley,20148
Cayden,19756
Xander,19302
Graham,19247
Paul,19016
